{"train_loss": [0.1714610903227668, 0.05213065443658881, 0.040758268660330235], "val_loss": [0.03768537383329646, 0.028229491415590228, 0.020495280265979778], "train_acc": [94.59211579509072, 98.45084044823906, 98.78768676627534], "val_acc": [98.72796474358974, 99.08854166666667, 99.35897435897436], "epochs": [0, 1, 2]}