{"train_loss": [0.22829383419193328, 0.07508427837798372, 0.05530518763612102, 0.04459981337490414, 0.03908462148723096], "val_loss": [0.04696670285537808, 0.03304389849989192, 0.029153635735217273, 0.0280461147049384, 0.026597651913986418], "epochs": [0, 1, 2, 3, 4]}